"","LINC00640","KRT17P1","GSDMC","EIF4G1","FOXG1","H2BC9","HMGB3P6","CSTL1","ATF7IP","RNF222","EGF","FAM83A","GCGR","KRT75","LINC00887","TMPRSS11D","SBSN","VIL1","BMP7","TFAP2A","PLXNB3","CDT1","COL9A3","TMPRSS4","LINC02830","DSEL","NLGN1","GNG4","SLC9A2","CENPI","status"
"TCGA.66.2800.01A",6.7279204545632,4.58496250072116,10.2992080183873,16.1630599623942,1,9.26209484537018,3.32192809488736,4.8073549220576,12.5033288566267,5.58496250072116,9.18487534290828,9.61102479730735,6.16992500144231,4.8073549220576,3.58496250072116,10.4136279290242,12.2082343583398,6.55458885167764,13.3165643853969,11.243173983473,9.86108690599539,11.5449644327892,7.95419631038687,15.0903605683403,4.70043971814109,9.49585502688717,8.78135971352466,9.68650052718322,11.0768155970508,9.51175265376738,"0"
"TCGA.63.A5MJ.01A",7.20945336562895,7.06608919045777,11.0512089409148,17.1465090129897,3.32192809488736,10.7764330324447,4.4594316186373,3,13.591756076023,5.24792751344359,9.71080643369935,11.5028318040667,2.58496250072116,4.70043971814109,6.35755200461808,7.55458885167764,12.7334390828994,3,14.7480879987561,12.3370643386847,10.7364019313183,13.1680452682241,6.28540221886225,15.1067265020392,3.58496250072116,8.18982455888002,6.88264304936184,10.0980320829605,9.44708322620965,10.5507467853832,"0"
"TCGA.39.5037.01A",7.33985000288462,7.04439411935845,10.7313190310251,16.2251321062884,4.32192809488736,8.17990909001493,3.58496250072116,4.8073549220576,12.661778097772,5.08746284125034,10.1623913287569,9.28540221886225,5.90689059560852,7.4594316186373,5.39231742277876,12.7099453802325,11.2191685204622,3.32192809488736,13.9943534368589,11.4019461239765,9.09803208296053,13.2422809503024,9.02790599656988,14.9289809406025,7.61470984411521,10.1006623390052,8.43462822763673,10.1163439612375,11.2203783276952,9.89784545600551,"0"
"TCGA.22.5471.01A",6.20945336562895,6.08746284125034,10.1241213118292,16.5244192815448,1,6.61470984411521,1,5.58496250072116,13.4961047793401,5.90689059560852,9.48784003382305,9.92481250360578,4.8073549220576,11.3728650601126,5.75488750216347,13.1904420187828,12.6425030287805,10.0028150156071,12.9628960053373,12.6352646565395,10.2900188469326,13.1241213118292,7.8703647195834,15.1885888457073,7.71424551766612,6.70043971814109,6.93073733756289,10.6183855022586,10.616548843779,10.6402449362223,"0"
"TCGA.NK.A7XE.01A",6.61470984411521,3.58496250072116,10.8201789624152,15.3722529272807,1,2,2,5,11.9607259948391,3.58496250072116,9.24792751344359,12.919980595049,8.4178525148859,6.4262647547021,4.32192809488736,6.90689059560852,7.39231742277876,5.32192809488736,13.2134080408583,11.7030383889864,11.2021238238305,11.0552824355012,8.07681559705083,13.0596824472476,7.64385618977472,2.58496250072116,7.35755200461808,6.83289001416474,6.61470984411521,9.7176764230664,"0"
"TCGA.66.2758.01A",6.04439411935845,2,10.9381093262192,16.7744010129207,5.32192809488736,2.58496250072116,3,4,13.6613327527952,3.32192809488736,9.49585502688717,8.44294349584873,5.16992500144231,3.8073549220576,3.58496250072116,6.70043971814109,7.79441586635011,4.70043971814109,10.6456584324087,9.6724253419715,11.843921051289,12.1541852092653,7.53915881110803,14.991610417463,2.58496250072116,10.7515440590891,8.88264304936184,8.63662462054365,9.91886323727459,10.6348110501717,"0"
"TCGA.NK.A5CT.01A",5.58496250072116,7.18982455888002,12.3706874068072,15.7708187245166,1,8.94836723158468,3.8073549220576,6.61470984411521,12.334831928118,5.32192809488736,6.16992500144231,16.0296754598749,2.58496250072116,3.8073549220576,7.6724253419715,11.8917837032183,5.64385618977472,2,4.70043971814109,13.7010898248172,12.5347892114803,11.4726908392428,3,14.3255865452106,9.65105169117893,11.2644426002266,3.8073549220576,11.9527412471865,9.08214904135387,9.57742882803575,"0"
"TCGA.46.6025.01A",7.7279204545632,5.24792751344359,11.5717526435035,18.0957060679802,2,8.24792751344359,1,4.90689059560852,15.094242668809,4.16992500144231,10.0525680508042,16.2150779148228,4.8073549220576,8.77478705960117,7.44294349584873,5.8073549220576,5.95419631038687,2.58496250072116,14.5069273753449,12.8849336479498,12.0861362250273,12.5703301010308,6.39231742277876,14.9325838692893,7.61470984411521,11.2888660741658,9.24317398347295,6.12928301694497,4.58496250072116,9.46352437327118,"0"
"TCGA.85.8071.01A",8.39231742277876,5.85798099512757,10.8217739819706,15.2192441631436,2,10.5622424242211,3,1,13.0080784108683,4.58496250072116,9.59618975614441,14.4938554492408,7.24792751344359,7.6724253419715,2,12.5362472156881,8.15987133677839,5,12.3353903546939,12.2419831496943,11.7313190310251,10.5774288280357,7.91886323727459,12.6284455401372,2,7.22881869049588,3.8073549220576,5.4594316186373,4.32192809488736,9.93957921431469,"0"
"TCGA.98.8021.01A",5.08746284125034,5.32192809488736,11.1085244567782,16.5895926323885,3.58496250072116,6.16992500144231,2.58496250072116,4,13.0707918094231,3.58496250072116,7.8703647195834,11.471675214392,7.88264304936184,10.1421070573025,4.8073549220576,10.7813597135247,7.37503943134692,6.28540221886225,13.283088353024,12.2737955992143,11.140829770773,11.5410966153495,9.56985560833095,15.0260911225259,6.58496250072116,10.0633950812885,8.94836723158468,11.6829945836817,9.61838550225861,9.33091687811462,"0"
"TCGA.66.2794.01A",7.89481776330794,3.32192809488736,8.04439411935845,16.5058425606153,1,8.96578428466209,2,5.4594316186373,13.089781488354,5.16992500144231,11.1522848423066,5.70043971814109,2,6.08746284125034,3.32192809488736,10.5849625007212,7.61470984411521,3,12.7125270004398,10.3663222142458,9.10328780841202,12.6631133084558,7,14.4219333193101,1,8.69348695749932,9.53915881110803,11.4655664048094,10.047123912114,9.36632221424582,"0"
"TCGA.39.5016.01A",7.4594316186373,3.8073549220576,8.21916852046216,17.2245481603059,4.58496250072116,6,2,7.08746284125034,13.347898144596,2,10.3106127816595,8.59991284218713,4.16992500144231,9.96578428466209,3.32192809488736,9.51963625284321,8.16992500144231,3.32192809488736,13.1873520732005,11.4189067312579,9.70735913208088,11.5206186805563,6.04439411935845,15.4276402159943,7.91886323727459,9.79116288855502,11.9233274854192,8,12.3917806060132,9.96000193206808,"0"
"TCGA.NC.A5HK.01A",4.4594316186373,4,12.3734089602287,16.4722148541157,1,8.39231742277876,2,6,12.8599229728618,4.70043971814109,5.08746284125034,12.8933015308606,3,2,5.75488750216347,4,3.8073549220576,2.58496250072116,10.1421070573025,15.1194275110673,13.3230547603416,12.3575520046181,11.6564248632778,10.1059085085712,1,7.06608919045777,2,10.7764330324447,7.75488750216347,10.7565563225241,"0"
"TCGA.63.A5MI.01A",8.14974711950468,6.04439411935845,10.929258408637,16.4214074120625,1,7.2667865406949,4.8073549220576,3,13.0168082876866,3.32192809488736,7.5077946401987,10.9410476063406,3.8073549220576,9.65463602852797,6,12.0175044011094,8.19967234483637,1,13.5015884229324,13.2051823262286,8.97154355395077,11.1279943209764,7.85798099512757,15.1689071166463,7.24792751344359,9.76818432477693,9.4797802640291,10.7210991887072,7.22881869049588,11.1497471195047,"0"
"TCGA.85.6561.01A",7.85798099512757,5.8073549220576,11.0967151544885,17.2356216141882,2,7.83289001416474,2.58496250072116,1,13.9639797878153,6.20945336562895,7.28540221886225,13.1481587729379,6.83289001416474,10.6474584264549,6.08746284125034,13.6510516911789,14.3356694869461,3,14.399277924509,12.8392037880969,10.9233274854192,11.6492561775173,7.4262647547021,15.48236681376,3.58496250072116,10.1623913287569,6.28540221886225,8.82017896241519,9.31741261376487,10.7632123668144,"0"
"TCGA.18.3411.01A",8.467605550083,6.04439411935845,11.2911706993219,16.2593386992878,1,8.18982455888002,3.8073549220576,4.58496250072116,12.4848228942621,1,11.6101020629997,13.3799198176465,4.70043971814109,6,6.95419631038687,9.4178525148859,8.44294349584873,3.58496250072116,13.5912885792461,10.967226258836,9.4757334309664,11.4604558963096,8.24792751344359,15.4114447835268,8.4757334309664,10.8902642770211,10.7714894695006,11.6110247973074,8.84549005094437,10.1189410727235,"0"
"TCGA.66.2787.01A",5.58496250072116,4.8073549220576,9.27146302790437,16.4171602665067,2,5.64385618977472,3.8073549220576,2.58496250072116,13.353698209048,2,10.5216004397237,5.75488750216347,4.4594316186373,3.58496250072116,2,4.90689059560852,10.1318569606088,6.85798099512757,13.6277618524026,10.7960396088298,10.5333297323058,11.6519486107234,6.39231742277876,14.9534689622288,6.08746284125034,11.1823943534045,7.39231742277876,7.20945336562895,12.1273495410591,10.609178738142,"0"
"TCGA.60.2711.01A",7.85798099512757,4.58496250072116,10.3241805466187,17.7417171399988,3.8073549220576,7.96578428466209,2,3,14.0759804624163,5,8.8703647195834,8.21916852046216,2.58496250072116,6.85798099512757,4.32192809488736,12.7368246990989,9.77807712953536,5.64385618977472,14.2582715762829,12.7402023887679,11.0566377151132,11.8603110549195,5.52356195605701,15.7626934677544,5.39231742277876,9.89178370321831,8.09803208296053,10.5176693881338,10.57931593758,10.9628960053373,"0"
"TCGA.63.A5MB.01A",5,7.56985560833095,10.2992080183873,16.7409402054259,8.98868468677217,6.61470984411521,5.16992500144231,5.85798099512757,13.7357675472666,4.4594316186373,10.0794847838268,6.95419631038687,5.32192809488736,9.5352753766208,4.16992500144231,7.59991284218713,7.90689059560852,9.2336196767597,10.7665289085989,10.609178738142,12.3224915375975,11.7245138531199,6.7279204545632,15.9102679558108,6.12928301694497,8.4757334309664,8.79441586635011,12.7414669864011,11.4387918525783,10.4553272203046,"0"
"TCGA.77.8154.01A",7.35755200461808,3.58496250072116,8.98299357469431,15.9391659596335,1,6.75488750216347,3,2.58496250072116,12.2270141936491,5.16992500144231,9.4594316186373,13.7494504655699,5.8073549220576,9.02790599656988,4,12.7866780338907,11.2070143201775,2.58496250072116,14.1045987535644,11.90989308377,9.3264294871223,11.8925428166486,7.70043971814109,15.3665271279655,1,6.8073549220576,5.8073549220576,5.64385618977472,10.1996723448364,9.44708322620965,"0"
"TCGA.63.A5ML.01A",5.75488750216347,5.16992500144231,10.57931593758,16.6096981810843,1,6.85798099512757,3.32192809488736,4.16992500144231,13.0007042690112,3.32192809488736,10.4838157772643,8.4093909361377,2,5.4594316186373,5.16992500144231,7.4262647547021,5.16992500144231,4.4594316186373,12.7274950690254,10.1421070573025,11.1786648510065,11.0306671362469,7.5077946401987,14.3980756229099,6.12928301694497,9.83605035505807,7.32192809488736,11.6411485974112,6.55458885167764,10.0443941193585,"0"
"TCGA.58.A46M.01A",7.4594316186373,4.4594316186373,11.2992080183873,16.9404053687208,1,6.4594316186373,5.32192809488736,5,12.9498267107591,4,9.79116288855502,6.93073733756289,5.32192809488736,7.02236781302845,3,7.35755200461808,2.58496250072116,3.32192809488736,14.4631411703717,12.3376219019925,11.6995724532873,12.410451351504,5.24792751344359,13.7657004876511,3.8073549220576,5.8073549220576,6.61470984411521,7.83289001416474,8.99435343685886,10.581200581925,"0"
"TCGA.77.8153.01A",7,6.49185309632967,11.2082343583398,16.758249244642,1,8.23840473932508,2.58496250072116,3,13.2027360432502,3.32192809488736,10.2620948453702,9.93073733756289,5.90689059560852,9.14465824283188,4.90689059560852,9.84549005094438,10.4051414631363,3.32192809488736,13.3657756353263,13.097044499323,10.4199601778479,12.1642784383012,5.4594316186373,14.519021895622,2,11.0028150156071,9.94544383637791,12.4356702609366,8.97154355395077,9.72109918870719,"0"
"TCGA.56.7582.01A",5.64385618977472,7.74146698640115,10.57931593758,16.3480019219185,1,8.62205181945638,3,1,13.5274770060604,6.7279204545632,10.2264121927888,12.5774288280357,3.58496250072116,8.20945336562895,5.70043971814109,11.8089641749193,11.3342732853072,5.32192809488736,13.7245138531199,11.4115109880121,10.57931593758,11.3309168781146,3.32192809488736,14.6070990940936,5.08746284125034,11.0042204663182,9.12928301694497,9.66888498426625,11.8703647195834,10.0334230015375,"0"
"TCGA.85.8052.01A",5.24792751344359,5,8.53915881110803,16.100210604883,3.8073549220576,6.12928301694497,2.58496250072116,3.58496250072116,12.6974020075027,3.8073549220576,9.2045711442492,8.68650052718322,4.90689059560852,3.58496250072116,5,7.33985000288462,8.6724253419715,8.13955135239879,13.326710358347,11.5449644327892,11.2877123795494,12.0525680508042,8.93073733756289,13.537461094633,3,10.0821490413539,7.98868468677217,8.68650052718322,10.929258408637,8.91886323727459,"0"
"TCGA.85.A53L.01A",6.28540221886225,6.08746284125034,11.9858419370033,17.7284121502871,2,9.55842071326866,3,3.32192809488736,13.8097681287104,3,8.70735913208088,8.64385618977472,6.20945336562895,4.58496250072116,5,12.2562086885274,7.96578428466209,7.2667865406949,12.9439799143437,12.1686721181322,11.6302671250268,12.3100446796475,8.68650052718322,15.1393914704193,1,8.13955135239879,8.97154355395077,12.2917462808339,9.12412131182919,10.3575520046181,"0"
"TCGA.51.4081.01A",7.33985000288462,6,10.1006623390052,16.5443909585978,4.32192809488736,7.4757334309664,3.32192809488736,4,13.2030420555625,7.90689059560852,10.2854022188622,12.0251395622785,6.8073549220576,4,4.58496250072116,10.6829945836817,13.6611100287437,2.58496250072116,14.0988545532188,12.0396045179538,11.5196362528432,10.8948177633079,6.24792751344359,16.0720907231877,3.32192809488736,11.2143191208008,8.58496250072116,12.1861142395416,11.4767462039395,10.1922928144708,"0"
"TCGA.85.A5B5.01A",8.3037807481771,6.55458885167764,11.5196362528432,15.4452735556406,1,7.88264304936184,4.4594316186373,6.08746284125034,13.3261485612056,4,6.4594316186373,8.15987133677839,7.65821148275179,9.65105169117893,3.58496250072116,13.0375469539622,6.88264304936184,3.58496250072116,15.0702886899617,12.0714623625566,12.025831668332,11.4938554492408,6.28540221886225,15.7588478031083,7.4093909361377,7.62935662007961,3,6.75488750216347,9.63299519714296,9.95419631038687,"0"
"TCGA.21.1082.01A",8.48381577726426,3.32192809488736,11.9121408562957,16.3935915626239,8.8008998999203,8.79441586635011,3,5.39231742277876,13.5144675028193,6.90689059560852,5.16992500144231,11.5999128421871,2,6.64385618977472,6.4262647547021,12.698270577692,8.85174904141606,6.35755200461808,14.2470374187886,12.3772105303886,10.319672120947,13.4101863207251,7.33985000288462,16.0482314167024,6.6724253419715,10.129283016945,7.02236781302845,11.5877775163282,7.97727992349992,10.0443941193585,"0"
"TCGA.NC.A5HR.01A",4.4594316186373,2.58496250072116,7.39231742277876,16.3063109487318,1,7.22881869049588,2,3.8073549220576,12.3998119593257,3.58496250072116,10.813781191217,11.5764843467969,6.61470984411521,4.58496250072116,5.95419631038687,10.5058115539196,8.65105169117893,9.52356195605701,11.6812384117778,12.0443941193585,11.5868397879618,11.1189410727235,7.8703647195834,13.9210970881068,2,7.8073549220576,9.43045255166553,9.47167521439204,9.76155123244448,9.50382573799575,"0"
"TCGA.NC.A5HG.01A",7.16992500144231,6.28540221886225,13.2500022678404,16.0689461796488,2,7.91886323727459,3.58496250072116,5.90689059560852,14.2121923719085,4.70043971814109,7.12928301694497,15.3622178159131,10.1699250014423,14.0185479418717,5.85798099512757,8.58496250072116,14.0261775968892,5.64385618977472,7.62935662007961,13.4655664048094,12.2324209271761,11.677719641641,10.2167458581953,11.0375469539622,6.55458885167764,7.08746284125034,3.58496250072116,7.7279204545632,4.90689059560852,9.85174904141606,"0"
"TCGA.39.5019.01A",8.08746284125034,6.78135971352466,11.3923174227788,17.4951679846225,3,7.18982455888002,3.32192809488736,3.58496250072116,14.0301498249257,6.93073733756289,9.43462822763673,11.4377520723236,4,12.5454471816781,5.32192809488736,13.8447057644119,14.5802585674998,6,14.7100530400244,12.9057630496028,10.9985904297453,12.0126245388651,9.38801728534514,15.1476819277705,7.8073549220576,9.69348695749933,6.78135971352466,10.3331553503106,11.1959872980285,10.6688849842662,"0"
"TCGA.NC.A5HT.01A",9.58120058192496,8.40087943628219,12.5943246039248,15.7412036199569,1,8.14974711950468,3.32192809488736,2.58496250072116,13.7015230665744,3,8.08746284125034,12.0986900966736,10.581200581925,6.90689059560852,2.58496250072116,5.8073549220576,4.90689059560852,5.52356195605701,13.7872904265596,12.892163309862,12.402479172215,10.8795832496128,10.6202198255075,16.0276036760645,5.32192809488736,8.53915881110803,4,5.58496250072116,8.6724253419715,9.53138146051631,"0"
"TCGA.85.7844.01A",5.4594316186373,4.70043971814109,10.5660540381711,17.4228203533049,2.58496250072116,7.4757334309664,2.58496250072116,2,13.6293566200796,1,11.6608872703026,9.91886323727459,4.32192809488736,6.32192809488736,3.58496250072116,12.8049376720519,5.08746284125034,4.16992500144231,12.8610869059954,12.1904420187828,12.677719641641,11.5087851620645,6.24792751344359,15.4700232975751,4.70043971814109,10.9801395776392,9.25266543245025,7.78135971352466,6.4262647547021,10.5641494899857,"0"
"TCGA.66.2737.01A",7.93073733756289,7.8703647195834,9.90989308377004,16.5799935150802,2,6.8073549220576,1,3.58496250072116,13.1913677134189,4.32192809488736,10.6348110501717,10.9439799143437,3.32192809488736,7.8703647195834,5.70043971814109,10.9158793788358,9.0389189892923,7.28540221886225,12.0940776856719,11.7829982089204,11.0566377151132,11.8603110549195,8.23840473932508,15.5372790778898,2.58496250072116,10.5774288280357,9.95128471496697,9.15987133677839,8.4262647547021,10.5196362528432,"0"
"TCGA.NC.A5HH.01A",9.66533591718518,9.03342300153745,5.90689059560852,15.2610664999994,1,9.2240016741981,3.32192809488736,6.93073733756289,13.4614794472862,5.39231742277876,5.58496250072116,11.9053870050181,3,12.7393587074334,7.16992500144231,5.58496250072116,4,1,13.5497846679479,13.6875943895761,12.1592406504117,11.5849625007212,14.3853231761759,9.24792751344359,8.51569983828404,6.35755200461808,3.32192809488736,10.6829945836817,5.4594316186373,9.33091687811462,"0"
"TCGA.85.7843.01A",7.76818432477693,5.16992500144231,12.0993478104032,17.5976306828951,5,8.32192809488736,4,3.8073549220576,13.5987504095718,5.4594316186373,8.95419631038687,13.0244471240406,5.08746284125034,3.8073549220576,6.8073549220576,13.4395711962765,10.6438561897747,2.58496250072116,15.03866183204,12.9563761572497,11.1749256825007,12.9296282830246,8.92481250360578,17.1955260046462,3.32192809488736,8.02236781302845,7,6.75488750216347,12.2626821423622,11.5147140541385,"0"
"TCGA.NC.A5HE.01A",6.08746284125034,4.32192809488736,10.9498267107591,15.7432566043252,2,8.33985000288462,2,4.4594316186373,12.9388444574662,3.8073549220576,10.5430318202552,8.21916852046216,10.3553510964248,5.64385618977472,3.8073549220576,5.16992500144231,5.08746284125034,3,11.8509681509824,11.0389189892923,10.868822554775,12.360298426618,8.56985560833095,11.3531468254981,7.75488750216347,9.37503943134693,8.07681559705083,11.7030383889864,8.17990909001493,9.24792751344359,"0"
"TCGA.63.A5MP.01A",7.16992500144231,5.08746284125034,12.616548843779,17.94206771752,4.70043971814109,7.8703647195834,4,5.16992500144231,13.5452058274256,6.90689059560852,8.70735913208088,9.70390357344466,6.4262647547021,7.71424551766612,4.32192809488736,12.8045344029952,12.6202198255075,4,13.6595499968799,12.1440208692669,11.5980525001616,11.0126245388651,8,16.0408462089944,2,8.32192809488736,8.2667865406949,9.55074678538324,11.2021238238305,11.7064960180612,"0"
"TCGA.39.5036.01A",7.32192809488736,6.39231742277876,8,15.967226258836,2,7.37503943134692,4,3.32192809488736,13.1225044843139,7.14974711950468,9.70390357344466,11.9571020415623,2,6.8073549220576,5.8073549220576,12.5092801680879,10.9701058906122,5.08746284125034,13.7323794463914,11.4726908392428,9.14974711950468,11.7813597135247,6.32192809488736,16.1128467141683,5.16992500144231,5.90689059560852,5.58496250072116,8.6582114827518,9.14974711950468,9.4262647547021,"0"
"TCGA.58.A46N.01A",8.54689445988764,8.34872815423108,13.0867996856235,17.0912907459201,3,8.31288295528435,3,4.16992500144231,13.1996723448364,4.32192809488736,8.79441586635011,11.7582232147267,5.4594316186373,9.93073733756289,6.16992500144231,12.3269911749008,12.6532929453828,1,11.3586512008929,12.2197735508929,12.2461467746359,11.871135184243,7.08746284125034,15.2759789649756,4.16992500144231,10.652844973002,9.40514146313634,10.1623913287569,10.7927902943011,10.4838157772643,"0"
"TCGA.37.A5EN.01A",5.75488750216347,4.58496250072116,9.55074678538324,16.3900681682832,3,7.84549005094437,3,5.08746284125034,12.2502984179063,4.70043971814109,7,8,9.19967234483636,6.28540221886225,3.32192809488736,9.14974711950468,12.0920964149908,10.1111356702347,12.5377037479076,11.3553510964248,9.43045255166553,11.0416591516372,9.48381577726426,14.4810425749338,4.90689059560852,6.6724253419715,6.32192809488736,10.5868397879618,11.6156296369681,9.34872815423108,"0"
"TCGA.18.4721.01A",5.90689059560852,2.58496250072116,8.62935662007961,16.3794799045342,1,6.35755200461808,2,4,12.2801907922169,2,8.53915881110803,5.90689059560852,2,2,2,6.04439411935845,4.4594316186373,3.58496250072116,12.1503819688178,8.85174904141606,7.59991284218713,10.4450148458684,4.8073549220576,13.9772799234999,7.49185309632967,8.84549005094437,9.4093909361377,10.2946207488916,8.67948009950545,8.32192809488736,"0"
"TCGA.18.3419.01A",10.403012023575,4.32192809488736,10.9801395776392,15.8456370572153,3.8073549220576,7.16992500144231,1,2,12.8509681509824,5.16992500144231,3,12.5454471816781,6.83289001416474,5,5.64385618977472,13.1526017440192,6.04439411935845,3.32192809488736,13.5605716712366,12.3089078040639,11.8672787397097,10.9527412471865,9.74819284958946,15.7734483225387,3,5.39231742277876,6.28540221886225,7.37503943134692,10.2215871212648,10.9614496943982,"0"
"TCGA.66.2759.01A",7.16992500144231,5,9.37068740680722,16.9414603224594,1,8.81378119121704,2,1,13.007027266894,4,8.32192809488736,11.6193029554157,2.58496250072116,8.75488750216347,6.16992500144231,13.8624436422123,11.5896511465148,3.32192809488736,13.3605727814807,12.4314976042581,11.3049216695817,11.5612879451648,6.58496250072116,15.5405518709337,1,6.7279204545632,8.60733031374961,8.78790255939143,8.21916852046216,11.2191685204622,"0"
"TCGA.77.7139.01A",5.16992500144231,6.64385618977472,7.85798099512757,16.7284254370353,1,9.57364718749332,4,5.24792751344359,13.838613044197,6.88264304936184,7.94251450533924,10.7698378436294,10.9351650496037,6.4262647547021,5.08746284125034,8.75488750216347,13.5915223465707,11.6073303137496,9.12412131182919,12.8269456504155,9.59245703726808,12.120237877342,9.36632221424582,14.617008227652,5.39231742277876,9.08746284125034,5.16992500144231,8.90086680798075,13.8233672400462,9.93663793900257,"0"
"TCGA.56.A4ZK.01A",7.61470984411521,5.75488750216347,12.8849336479498,16.7012523057229,1,7.44294349584873,4.16992500144231,3.8073549220576,12.8388099857086,6,6.39231742277876,10.8780509127285,9.02790599656988,7.59991284218713,5.64385618977472,12.4537850554962,13.4782640315817,2.58496250072116,14.6965329140783,12.2221911384563,11.9722618487333,12.1699250014423,9.91288933622996,14.4317587491662,2.58496250072116,6.88264304936184,6,9.72109918870719,9.91587937883577,9.73131903102506,"0"
"TCGA.77.8156.01A",5.70043971814109,4,9.29920801838728,16.4970097697157,4,5.08746284125034,3,1,12.4933551214949,3.58496250072116,9.45121111183233,5.70043971814109,6.6724253419715,7.4757334309664,4.32192809488736,7.98868468677217,6.28540221886225,6.4594316186373,12.8745971924016,11.9173720794768,9.94836723158468,11.3923174227788,10.0687782779854,12.6640027628865,1,7.61470984411521,10.4878400338231,7.65821148275179,10.6036263449862,9.96578428466209,"0"
"TCGA.37.4133.01A",8.4178525148859,2,12.4109812670438,14.8414660681542,1,4.32192809488736,4,3.58496250072116,12.5352753766208,1,9.23840473932508,9.21916852046216,1,2.58496250072116,6.24792751344359,6.4594316186373,3.32192809488736,2.58496250072116,8.8703647195834,11.5352753766208,8.93073733756289,11.129283016945,7.88264304936184,14.2535520626375,4.16992500144231,6.55458885167764,6.97727992349992,10.2384047393251,10.1111356702347,10.0334230015375,"0"
"TCGA.98.A53I.01A",6.58496250072116,4.16992500144231,11.2227949028681,16.2096818148719,6.90689059560852,6.88264304936184,2.58496250072116,5.95419631038687,13.6302671250268,5.75488750216347,10.2714630279044,8.4594316186373,6.12928301694497,5.58496250072116,2,7.24792751344359,10.467605550083,2,14.1437020768579,11.3037807481771,12.297489501161,11.5774288280357,6.95419631038687,14.7762273885073,1,8.63662462054365,5.52356195605701,11.0714623625566,12.4460494067166,9.96289600533726,"0"
"TCGA.21.1072.01A",6,5.24792751344359,13.0771495155897,16.4947618512591,1,7.3037807481771,3,1,13.7698378436294,3,8.7279204545632,10.6917435191713,3.32192809488736,8.40087943628219,4.58496250072116,9.82972273508606,7.37503943134692,4.16992500144231,13.6031626795344,12.4067364826917,10.6110247973074,11.3454052467178,7.85798099512757,15.3302866815182,3.8073549220576,10.9758479680068,10.813781191217,12.3939266756404,9.83605035505807,10.9901039638575,"0"
"TCGA.34.8456.01A",5.4594316186373,5.85798099512757,9.6724253419715,15.8609414656968,3.8073549220576,7.64385618977472,2,4.16992500144231,12.9545598469998,4.70043971814109,8.70735913208088,6.97727992349992,2,7.04439411935845,5.16992500144231,10.3309168781146,11.0741414627525,6.7279204545632,13.539643506238,12.1579784499454,11.0808175276083,11.9373738201921,4.16992500144231,15.3121739096904,6.35755200461808,9.57364718749332,7.61470984411521,7.93073733756289,11.0361736125535,10.3106127816595,"0"
"TCGA.94.A5I6.01A",4.70043971814109,7.06608919045777,11.6803595235137,16.7969268206165,1,7.4262647547021,4.4594316186373,2,12.8225708309502,4.70043971814109,9.43045255166553,12.0042204663182,4.32192809488736,5.85798099512757,6.93073733756289,8.5077946401987,13.7498694273968,5.75488750216347,13.8883627411706,12.3145832442742,12.4056733322819,12.0960562391809,6.97727992349992,14.0028150156071,5.39231742277876,10.4220647661728,7.88264304936184,11.6257088430645,9.93957921431469,10.612868497291,"0"
"TCGA.NC.A5HN.01A",8.82017896241519,9.88569637333939,12.4898479604393,16.7864993703855,1,8,4.16992500144231,3.32192809488736,12.871135184243,5.32192809488736,8.70735913208088,10.9425145053392,9.04984854945056,11.9715435539508,5.24792751344359,9.82336724004623,13.9991191799953,6.04439411935845,12.2544381482673,13.6579882762779,12.1013191544233,11.2644426002266,8.74146698640115,15.2945489569461,3.32192809488736,6.6724253419715,3.8073549220576,6.6724253419715,5.58496250072116,10.3241805466187,"0"
"TCGA.94.8490.01A",7.94251450533924,6.49185309632967,13.3509391815464,16.9766759905918,1,7.52356195605701,2.58496250072116,3.32192809488736,12.7021726853655,7.59991284218713,7.83289001416474,13.0623834918763,8.33985000288462,11.7632123668144,5,13.8002932582234,12.7435721889356,4.8073549220576,13.7334390828994,12.6022349013411,12.237209960755,11.7456743240021,9.38370429247405,15.7678740788976,3.32192809488736,7.3037807481771,4.4594316186373,9.04439411935845,11.1163439612375,9.4757334309664,"0"
"TCGA.21.1075.01A",8.04439411935845,7.2667865406949,12.1098306542788,17.0139550661921,1,7.20945336562895,3.58496250072116,3.32192809488736,12.6952282914958,2,11.0674343607565,11.6697708885255,3.8073549220576,4.32192809488736,5.08746284125034,9.4594316186373,7.10852445677817,3.58496250072116,12.5333297323058,13.2452555803066,10.8297227350861,11.6429542234803,5,15.2827988586835,5,11.9203528554151,10.5430318202552,9.5352753766208,8.72109918870719,10.9614496943982,"0"
"TCGA.85.A4CN.01A",6.35755200461808,5,9.94836723158468,16.6422209604196,2.58496250072116,7.94251450533924,2.58496250072116,3,12.4933551214949,5,9.2667865406949,8.85798099512757,6.64385618977472,7.62935662007961,3.58496250072116,10.8201789624152,10.8856963733394,2,13.2357150947619,11.2094533656289,11.1111356702347,11.612868497291,10.5468944598876,15.0717975222842,4.90689059560852,8.62205181945638,7.95419631038687,9.35755200461808,7.91886323727459,10.1163439612375,"0"
"TCGA.56.7580.01A",8,5.58496250072116,10.9454438363779,16.23451808574,8.98868468677217,9.93663793900257,4.4594316186373,3.8073549220576,13.5161924778794,3.58496250072116,8.15987133677839,6.32192809488736,3.58496250072116,4.58496250072116,6.24792751344359,13.5802585674998,3.32192809488736,7.65821148275179,8.876516946565,13.0416591516372,9.46352437327118,11.4325419003883,5.08746284125034,13.0265234425198,7.94251450533924,10.4262647547021,8.06608919045777,10.1059085085712,5.8073549220576,10.2336196767597,"0"
"TCGA.63.7023.01A",6.28540221886225,4.58496250072116,8.84549005094437,16.2218514099034,1,7.4757334309664,3.58496250072116,3.58496250072116,13.4785168476765,3.58496250072116,8.18982455888002,9.31741261376487,2,4.70043971814109,4.16992500144231,9.40514146313634,6.4594316186373,5.85798099512757,13.5814359894544,13.6768386064742,8.49185309632967,12.4983506079296,5.16992500144231,13.3788367132106,2.58496250072116,7.10852445677817,7.59991284218713,13.2395985292491,8.17990909001493,9.89178370321831,"0"
"TCGA.85.8354.01A",6.39231742277876,4.70043971814109,9.24792751344359,16.6511638366212,2,7.64385618977472,2,4.58496250072116,13.0677704574478,3.8073549220576,9.73131903102506,8.54689445988764,3.58496250072116,8.59245703726808,4.90689059560852,8.15987133677839,9.4178525148859,3,13.0539258815311,11.5216004397237,11.1984450414524,12.0593444608244,10.3219280948874,13.8722901102881,3.8073549220576,5.24792751344359,6.04439411935845,4,10.2969162068793,9.84862294042934,"0"
"TCGA.85.8580.01A",5.32192809488736,5.4594316186373,11.0874628412503,16.4236411950759,4.16992500144231,7.83289001416474,3,1,12.9050108623903,7.53915881110803,7.89481776330794,10.6829945836817,7.91886323727459,7.71424551766612,3,13.9607259948391,13.604553229079,5.64385618977472,14.0168082876866,12.0021117764799,11.4136279290242,11.0566377151132,8.93073733756289,15.1674181458317,2.58496250072116,9.66888498426625,8.53138146051631,8.876516946565,10.6794800995054,9.89784545600551,"0"
"TCGA.66.2795.01A",6.35755200461808,5.08746284125034,10.5018371849023,15.7551483826258,1,8.27612440527424,3,3.8073549220576,12.6316318059176,2.58496250072116,8.58496250072116,12.1836353814732,2,7.02236781302845,5.16992500144231,9.66533591718518,9.55842071326866,3.58496250072116,10.8548683832602,10.4635243732712,10.0056245491939,11.3014961949825,7.02236781302845,14.3715044120433,4.16992500144231,8.91886323727459,6.08746284125034,10.9844184588011,11.4178525148859,8.8703647195834,"0"
"TCGA.77.8139.01A",8.6582114827518,8.43462822763673,9.89481776330794,16.1830925630473,2,8.09803208296053,2.58496250072116,1,12.7355560239115,2.58496250072116,8.72109918870719,10.6275338844728,2,16.1218977065396,3.8073549220576,9.6582114827518,5,1,12.6142497276894,12.7632123668144,9.87958324961278,11.3619437737352,9.68999797141945,13.6878130625649,1,7.2667865406949,3.8073549220576,10.3264294871223,2.58496250072116,9.98013957763916,"0"
"TCGA.96.A4JK.01A",8.36632221424582,3,12.3420746679991,16.8018093844437,1,8.99435343685886,3.32192809488736,4.4594316186373,13.3401282737006,5.64385618977472,8.62935662007961,8.13955135239879,7.71424551766612,7.56985560833095,4.32192809488736,7.83289001416474,8.65105169117893,4,13.2790301364496,11.5545888516776,11.8641861446543,12.0687782779854,10.2312211807112,16.0629736718972,1,6.90689059560852,6.35755200461808,8.59991284218713,10.5294305541462,10.6829945836817,"0"
"TCGA.56.A4BW.01A",7.65821148275179,5.08746284125034,10.652844973002,15.8282356759877,1,7.18982455888002,2.58496250072116,3.58496250072116,14.1584519045384,4.16992500144231,5.4594316186373,13.1121136580979,6.8073549220576,7.64385618977472,7.7279204545632,13.5620038636516,10.1344263202209,4.16992500144231,12.4496645384762,12.0334230015375,11.1344263202209,11.7515440590891,8.74146698640115,14.1788204395794,2,7.71424551766612,5.32192809488736,10.5372184005386,7.22881869049588,9.45532722030456,"0"
"TCGA.43.A56V.01A",9.29001884693262,5.58496250072116,11.5362472156881,16.2970953858158,1,8.27612440527424,2.58496250072116,2.58496250072116,13.3509391815464,5.08746284125034,8.79441586635011,13.2030420555625,6.55458885167764,5.24792751344359,8.68650052718322,12.5689061545021,11.3083390301394,4,14.0930873904442,12.01471792986,11.4828079567267,12.0573148777827,7.18982455888002,15.025831668332,4.4594316186373,8.11894107272351,6,11.4157417682901,8.69348695749932,10.4178525148859,"0"
"TCGA.60.2721.01A",8.14974711950468,3.32192809488736,10.523561956057,16.8910716714324,2,8.59991284218713,2.58496250072116,6,14.1226662486288,4.16992500144231,7.97727992349992,12.8157835441282,4,4.4594316186373,6.4594316186373,14.0263505300678,10.8811139606751,11.1636496760158,14.0677704574478,12.7321674256634,11.5774288280357,11.7854524681585,9.92184093707449,15.9619922309289,6.55458885167764,8.84549005094437,8.90086680798075,6.32192809488736,10.6582114827518,9.82336724004623,"0"
"TCGA.NC.A5HI.01A",8.78135971352466,5.32192809488736,12.4777582664439,16.3889590362329,1,8.86418614465428,4.4594316186373,4.32192809488736,14.0849744343075,5.85798099512757,6.52356195605701,12.2650289424582,4.90689059560852,5.52356195605701,4.90689059560852,13.8217739819706,9.34429590791582,4,14.2397476835569,12.9203528554151,12.2015113445001,12.2597432636908,5.75488750216347,15.7582232147267,4.4594316186373,5,7.96578428466209,7.56985560833095,8.4262647547021,10.9366379390026,"0"
"TCGA.77.A5G3.01A",6.32192809488736,7.88264304936184,11.3498340914572,16.9949721072078,3,8.11894107272351,4.90689059560852,7.4093909361377,13.6604416502092,6.35755200461808,6.58496250072116,9.98868468677217,5.85798099512757,10.0140204703149,5.70043971814109,13.5347892114803,13.567480801143,4.90689059560852,13.1652210682209,11.7523806465529,11.5245417150358,12.1996723448364,8.09803208296053,15.5277213442845,5.90689059560852,7.55458885167764,6.55458885167764,8.21916852046216,13.2940463132715,10.3815429511846,"0"
"TCGA.63.A5MH.01A",8.40087943628219,5.95419631038687,7.44294349584873,15.6957720276198,1,9.11894107272351,2.58496250072116,2.58496250072116,13.0887882387169,3.58496250072116,5.85798099512757,12.1176431013891,3.8073549220576,8.19967234483637,6.64385618977472,9.93663793900257,10.9957671508778,2.58496250072116,13.3553510964248,12.9794251953315,11.3072008091408,11.0647427647503,12.410451351504,11.9307373375629,3.8073549220576,7.08746284125034,8.467605550083,6.97727992349992,7.65821148275179,10.0980320829605,"0"
"TCGA.60.2723.01A",5.8073549220576,7.24792751344359,12.2544381482673,16.3992445407684,1,11.8517490414161,3.32192809488736,1,13.2670792656712,2.58496250072116,10.3685064615077,11.0320457269308,2.58496250072116,6.20945336562895,2.58496250072116,12.677719641641,5.58496250072116,3,12.2591547688668,12.7120970510875,10.3465137331656,11.652844973002,5.8073549220576,14.0176783769964,3.32192809488736,10.8963324039099,5.85798099512757,11.2714630279044,6.04439411935845,11.0821490413539,"0"
"TCGA.43.A475.01A",4.16992500144231,3.32192809488736,7.76818432477693,16.9158793788358,7.2667865406949,6.35755200461808,2,2.58496250072116,13.6332223038008,3,10.3901689562002,6.35755200461808,4.32192809488736,5.16992500144231,3.32192809488736,6.6724253419715,5.32192809488736,3.32192809488736,13.3674147512468,10.7927902943011,11.3987436919382,10.9715435539508,5.8073549220576,12.7858611057596,2,10.3641346550081,8.36632221424582,7.28540221886225,8.37503943134692,10.3750394313469,"0"
"TCGA.94.A4VJ.01A",5.52356195605701,6.16992500144231,10.2784494582205,16.083063744716,1,7.10852445677817,2.58496250072116,3,13.1472049249422,5.90689059560852,9.38801728534514,14.3010674382185,5.32192809488736,13.2179576978641,6.04439411935845,10.1873520732005,13.468624042918,3.32192809488736,14.3665954260714,13.0930873904442,11.7380922596205,11.7210991887072,6.95419631038687,15.2003622444467,1,7.52356195605701,2.58496250072116,6.49185309632967,10.6969675262343,9.64024493622235,"0"
"TCGA.21.1080.01A",7.5077946401987,5,11.8572034715082,16.9796038240745,2,7.22881869049588,1,4,13.4868350215631,4,4.90689059560852,15.4288181399796,2.58496250072116,10.5274770060604,7.82017896241519,11.7648715907361,9.62205181945638,3.32192809488736,11.9992953870234,12.7410455770098,11.0168082876866,12.0593444608244,6.08746284125034,14.6302671250268,5.08746284125034,7.68650052718322,6.83289001416474,6.04439411935845,9.59618975614441,10.5294305541462,"0"
"TCGA.94.8491.01A",5.75488750216347,4.70043971814109,11.1357092861044,16.1484765821783,1,6,4.32192809488736,3.32192809488736,12.4721831161895,5,7.70043971814109,12.1459321458205,4,15.1521263653425,5.58496250072116,7.64385618977472,5.95419631038687,2.58496250072116,7.52356195605701,12.111787735801,12.7527987584355,11.0512089409148,6.4262647547021,14.9285183752579,6,7.35755200461808,6.58496250072116,7.59991284218713,9.69696752623429,8.53138146051631,"0"
"TCGA.46.6026.01A",8.75488750216347,9.68650052718322,8.61470984411521,16.8147076248859,1,8.40087943628219,3.32192809488736,5.16992500144231,14.0763145742846,7.06608919045777,8.88264304936184,10.2784494582205,10.7731392067197,10.813781191217,6.08746284125034,6,13.3281138948337,7.12928301694497,13.9659646102721,14.2057932493972,11.3837042924741,12.5289424150649,12.7291958591321,14.5043224482919,7.04439411935845,8.66533591718518,7.6724253419715,9.76818432477693,10.9657842846621,10.2384047393251,"0"
"TCGA.70.6723.01A",9.18982455888002,6.55458885167764,14.5904700951875,18.1240102129233,1,7.6724253419715,3.32192809488736,6.39231742277876,14.879296060393,5.32192809488736,11.3309168781146,11.6174674652942,4.90689059560852,10.7176764230664,5.95419631038687,13.8759412884976,10.1472049249422,2.58496250072116,14.047123912114,13.0488274133639,12.1730524577741,12.7772553151919,10.0687782779854,15.4128344401193,5.70043971814109,5.95419631038687,6.08746284125034,12.0491678723722,9.49984588708321,11.5097750043269,"0"
"TCGA.66.2792.01A",7.44294349584873,5.75488750216347,11.9556499075284,18.2952936246952,2,6.88264304936184,3.58496250072116,4.90689059560852,13.512987309419,5,7.04439411935845,10.8153832958135,4.32192809488736,7.78135971352466,4.70043971814109,12.2312211807112,10.2021238238305,3,14.4101863207251,12.292321632802,10.467605550083,12.1755495506362,6.12928301694497,16.5382192506444,7.12928301694497,8.12928301694497,8.56985560833095,11.5830827675029,9.98299357469431,11.2215871212648,"0"
"TCGA.39.5027.01A",7.93073733756289,6.97727992349992,11.6626683755175,17.0427708576601,1,8.91288933622996,2.58496250072116,7.8073549220576,13.5533893047216,4.90689059560852,10.1774195379892,9.75488750216347,5.8073549220576,9.75488750216347,6,12.1535520317081,10.6110247973074,9.86108690599539,14.4406096667484,12.4802853209364,10.8169836232554,13.1620765703743,9.51175265376738,15.2548071900519,8.25738784269265,7,10.5755392468345,12.3674147512468,9.04439411935845,10.4635243732712,"0"
"TCGA.56.7823.01B",6.8073549220576,5.64385618977472,10.3575520046181,16.4396361225851,3,6.4594316186373,3.58496250072116,2.58496250072116,12.9038818457362,5.39231742277876,9.04984854945056,11.9469062744564,3.8073549220576,6.97727992349992,2.58496250072116,6.83289001416474,11.1811522568656,8.54689445988764,12.9797824307031,12.3134499409631,10.3728650601126,11.4635243732712,9.61470984411521,14.7964452590618,4.8073549220576,7.7279204545632,5.39231742277876,9.33985000288462,11.806549621986,9.84862294042934,"0"
"TCGA.60.2724.01A",9.16490692667569,7.24792751344359,11.6908710092923,16.471643464592,3.58496250072116,8.78790255939143,2,3.32192809488736,13.2517782570359,7,7.4594316186373,14.4734520889522,4.4594316186373,10.3966047811819,4.4594316186373,8.74146698640115,12.5323559252888,8.61470984411521,12.3575520046181,11.3987436919382,10.951284714967,11.6220518194564,9.59618975614441,15.4819885838249,4.32192809488736,9.88874324889826,4.90689059560852,7.62935662007961,8.10852445677817,9.95128471496697,"0"
"TCGA.34.5240.01A",5.08746284125034,4.16992500144231,9.17492568250068,16.4707859557643,2,5.70043971814109,3.58496250072116,2.58496250072116,12.7142455176661,2,10.7565563225241,4.8073549220576,1,8.6582114827518,5.85798099512757,6.4262647547021,8.34872815423108,1,15.2029655585694,10.9395792143147,10.9053870050181,12.3575520046181,10.8073549220576,15.2984922183027,8.06608919045777,10.4737057496194,10.5352753766208,13.2862689626798,11.5362472156881,10.4262647547021,"0"
"TCGA.58.8391.01A",6.7279204545632,3.58496250072116,10.5449644327892,16.4806955495234,1,7,1,4.16992500144231,12.9487322398196,4.70043971814109,10.4387918525783,13.2321210840822,6.4594316186373,8.14974711950468,3,12.4908508767403,8.52356195605701,2,14.7177835075007,12.0721326041672,11.8970891283128,12.12153351734,7.32192809488736,14.7387256224934,4.58496250072116,7.18982455888002,3.8073549220576,8.22881869049588,7.02236781302845,10.1137421660492,"0"
"TCGA.85.8070.01A",6.49185309632967,2,7.4757334309664,16.092550696571,1,7.89481776330794,3,2,12.6110247973074,2,11.6339034093485,5.52356195605701,1,2,4.70043971814109,4.70043971814109,5.16992500144231,6.64385618977472,8.28540221886225,11.3162815317462,10.7176764230664,11.3564519702218,5.75488750216347,14.6765080795245,2,3.8073549220576,9.79441586635011,8.05528243550119,8.2667865406949,9.12928301694497,"0"
"TCGA.18.5592.01A",8.02236781302845,5.58496250072116,9.09275714091985,16.6628630505626,8.63662462054365,6.85798099512757,3.32192809488736,5.08746284125034,13.6510516911789,3.8073549220576,10.5468944598876,10.7829982089204,9.36632221424582,6.32192809488736,6.49185309632967,9.70390357344466,7.74146698640115,3.32192809488736,14.2422809503024,12.418379719365,11.5526690975143,11.6054795180617,8.74146698640115,15.4103850983736,1,8.4757334309664,7.08746284125034,12.3619437737352,8.4262647547021,10.467605550083,"0"
"TCGA.85.8276.01A",7.44294349584873,4.32192809488736,10.4594316186373,16.1705901534155,1,6.58496250072116,1,1,13.443202577297,5.58496250072116,4.90689059560852,5.64385618977472,3,5.95419631038687,3.32192809488736,8.01122725542325,9.77807712953536,9.55074678538324,14.3310568844266,10.4367115421372,8.93663793900257,11.7047682393626,8.18982455888002,13.2553236900081,4.90689059560852,8.65105169117893,5.32192809488736,10.2264121927888,10.581200581925,8.96000193206808,"0"
"TCGA.60.2719.01A",8.37503943134692,4.16992500144231,10.5507467853832,17.7050653486235,1,10.1573469353628,3,3.32192809488736,14.0378900851425,3,8.25738784269265,14.9551958157299,3.8073549220576,11.4157417682901,5.85798099512757,5.90689059560852,6.4594316186373,5.39231742277876,15.0357441751219,12.5760118742068,10.7780771295354,12.6452080827747,8.20945336562895,15.6899433890068,4.70043971814109,7.93073733756289,6.12928301694497,6.55458885167764,9.89481776330794,10.3553510964248,"0"
"TCGA.43.A474.01A",7.8073549220576,8.07681559705083,11.4878400338231,16.6371342767171,2,8.45121111183233,3.58496250072116,1,13.0650794889999,3.58496250072116,9.97154355395077,13.5926906153534,9.68650052718322,6.88264304936184,4,10.7862696276485,11.319672120947,6.20945336562895,12.4387918525783,11.6995724532873,12.2573878426927,12.2161395564251,8.4178525148859,13.1554507313121,2,9.37937836707126,5.95419631038687,9.18982455888002,8.95419631038687,9.92481250360578,"0"
"TCGA.85.A4QR.01A",7.97727992349992,4.32192809488736,10.7108064336994,16.1869266876627,1,11.120237877342,3.8073549220576,4.58496250072116,13.0430272835945,3.32192809488736,9.62570884306447,12.5783726913608,6.20945336562895,2,4.90689059560852,12.1497471195047,8.37503943134692,2.58496250072116,14.4099212412497,13.2550285698187,11.2191685204622,12.1324997296285,10.7210991887072,15.9920974629185,3.32192809488736,5.58496250072116,7.10852445677817,9.56985560833095,8.21916852046216,9.96866679319521,"0"
"TCGA.66.2768.01A",6,6.95419631038687,11.6438561897747,16.3555231633391,2,7.06608919045777,1,1,13.0728025345442,6.24792751344359,9.65105169117893,15.2568720813283,8.21916852046216,12.8081597728684,7.68650052718322,13.8501868376458,12.334831928118,5.08746284125034,13.0143692422351,12.8603110549195,11.1861142395416,12.5299185281203,10.4157417682901,14.8404829039885,5.08746284125034,8.53138146051631,8.59245703726808,11.4115109880121,8.57742882803575,10.6882503091332,"0"
"TCGA.43.6143.01A",8.88874324889826,5.16992500144231,10.471675214392,18.012024309446,4.8073549220576,7.55458885167764,1,3,14.155292601752,3.32192809488736,9.09803208296053,9.34872815423108,1,14.3240398713672,7.4093909361377,5,5.08746284125034,11.3858624006415,15.0502738095983,13.6183855022586,12.5357613779867,13.9201667372389,7.82017896241519,14.642728643769,3.32192809488736,9.82336724004623,9.27146302790437,11.0874628412503,6.88264304936184,11.403012023575,"0"
"TCGA.43.5670.01A",4.70043971814109,6.08746284125034,12.0251395622785,15.8212258928777,1,9.16992500144231,3.32192809488736,5.32192809488736,14.0423433797937,5.16992500144231,7.59991284218713,13.3701424794954,10.2021238238305,5.24792751344359,6.4594316186373,9.96866679319521,14.1130909834424,2.58496250072116,12.1446582428319,13.8447057644119,10.6147098441152,12.4351493383669,8.18982455888002,15.2950514255576,8.6582114827518,7.75488750216347,7.18982455888002,11.3944626946103,8.10852445677817,10.9366379390026,"0"
"TCGA.68.7755.01A",7.18982455888002,3.58496250072116,8.4594316186373,17.6887966810545,1,8.71424551766612,3,4.4594316186373,13.0007042690112,8.84549005094437,7.95419631038687,10.2360141919001,3.32192809488736,6,7.49185309632967,8.53138146051631,10.9307373375629,4.8073549220576,14.4325419003883,11.9534689622288,10.753216749179,12.9929383361658,6.97727992349992,16.0974972257434,6.70043971814109,8.63662462054365,9.79441586635011,11.8564255286255,12.402479172215,10.581200581925,"0"
"TCGA.34.5927.01A",7.02236781302845,7.02236781302845,8.33091687811462,17.6300395526561,3.8073549220576,7.93073733756289,3,3.8073549220576,15.1619978700475,4.16992500144231,7.85798099512757,10.0848083878044,6.4594316186373,11.3685064615077,5.90689059560852,5.08746284125034,6.61470984411521,12.211888294546,10.6054795180617,13.4481163054095,11.1189410727235,11.5651020783603,10.4008794362822,14.5715156504778,5.58496250072116,11.3353903546939,11.5166849493096,12.0867996856235,11.1774195379892,11.2911706993219,"0"
"TCGA.85.7696.01A",7.4594316186373,6.32192809488736,10.6147098441152,17.0261775968892,7.4594316186373,7.52356195605701,2,6.12928301694497,13.9895718985589,6.61470984411521,8.77478705960117,12.4958550268872,7.90689059560852,5.90689059560852,9.67948009950545,8.57742882803575,8.20945336562895,10.5018371849023,14.1451360882818,13.2164427391605,11.5840229402575,12.6886874232225,9.0389189892923,15.602524896124,5.24792751344359,8.81378119121704,8.96578428466209,11.6174674652942,12.526988205432,10.3174126137649,"0"
"TCGA.58.A46L.01A",7.65821148275179,5.70043971814109,13.1065629404449,17.7666453671533,3,6.24792751344359,3,6.20945336562895,14.3488664427566,5.16992500144231,8.8008998999203,13.1052537797009,6.97727992349992,9.50382573799575,7.8073549220576,12.8719052376592,14.1952183937621,7.71424551766612,12.7047682393626,13.9728003352245,12.0993478104032,12.1208858427878,10.5999128421871,15.3598181800299,5.90689059560852,8.77478705960117,7.2667865406949,8.62205181945638,10.5603328342124,11.2796105810525,"0"
"TCGA.85.A512.01A",6.70043971814109,5.70043971814109,10.5488219084588,15.7822303958982,2,7.56985560833095,3.32192809488736,6.20945336562895,13.1799090900149,4.58496250072116,7.16992500144231,12.656871725614,4.8073549220576,7.33985000288462,6.04439411935845,11.5137275959524,14.0162859821088,9.67948009950545,13.4678602407079,11.5294305541462,10.7056323873614,11.3890935219045,7.83289001416474,15.977995368613,4.4594316186373,7,7.59991284218713,9.02236781302845,10.103287808412,9.69696752623429,"0"
"TCGA.85.7710.01A",6.58496250072116,4.4594316186373,10.868822554775,17.007750010639,2.58496250072116,6.39231742277876,2,1,13.5764843467969,4,6.4594316186373,15.2831607175334,2.58496250072116,6.83289001416474,7.7279204545632,12.3253054550897,10.1799090900149,3.8073549220576,12.3987436919382,13.4398308839814,12.8776675740679,11.7125270004398,9.71080643369935,15.9678116494064,4,10.3420746679991,8.69348695749932,7.55458885167764,3.8073549220576,9.91587937883577,"0"
"TCGA.66.2781.01A",6.7279204545632,5.4594316186373,8.82017896241519,16.7704058033186,3.58496250072116,10.5077946401987,1,2.58496250072116,12.8653466448168,4.32192809488736,10.6384359139905,10.8826430493618,6.88264304936184,10.0112272554233,7.3037807481771,12.6082548219779,11.7116669735643,5.85798099512757,12.8917837032183,12.2473341780287,10.6794800995054,11.967226258836,8.467605550083,15.7774094410444,5.64385618977472,7.82017896241519,9.29001884693262,8.04439411935845,11.270295326472,10.5679560754155,"0"
"TCGA.63.A5MY.01A",7.4262647547021,4.58496250072116,10.2479275134436,16.5318383228332,1,10.2877123795494,5.95419631038687,2.58496250072116,12.859146495426,3.58496250072116,5.52356195605701,11.4062050054189,5.52356195605701,4.58496250072116,6.16992500144231,12.9381093262192,7.55458885167764,2,13.8456860559771,13.2969162068793,10.7039035734447,10.9439799143437,5.39231742277876,15.0823985634278,5.24792751344359,6.78135971352466,6.7279204545632,6.75488750216347,5.32192809488736,11.1344263202209,"0"
"TCGA.85.7698.01A",7.06608919045777,5.64385618977472,11.1459321458205,16.9825034455777,4.4594316186373,8.56224242422107,2,3,13.7364019313183,7.82017896241519,10.652844973002,9.6582114827518,9.83920378809694,9.49185309632967,4.16992500144231,13.399010832952,12.7772553151919,3,13.728345714711,12.3089078040639,11.410451351504,11.9366379390026,9.09803208296053,15.400612641082,2,9.72451385311995,9.56605403817109,9.90388184573618,11.8749813476538,10.3553510964248,"0"
"TCGA.66.2766.01A",7.44294349584873,5.58496250072116,11.7397806097733,16.0379329708024,1,5.52356195605701,3,2.58496250072116,13.0059753565004,3,8.88874324889826,8.24792751344359,3,5.24792751344359,7.32192809488736,10.0498485494506,8.94836723158468,5.39231742277876,12.8757493514201,13.2024299660154,11.0416591516372,12.3145832442742,9.10852445677817,14.7365076348785,3.8073549220576,7.65821148275179,9.55458885167764,12.2209828510818,7.08746284125034,9.88569637333939,"0"
"TCGA.NC.A5HM.01A",6.20945336562895,5.32192809488736,10.9454438363779,15.6355480881117,1,8.02236781302845,2.58496250072116,2.58496250072116,13.0402897210257,3.32192809488736,5.95419631038687,12.7952279660287,5.08746284125034,8.82654848729091,6.6724253419715,8.31288295528435,7.53915881110803,3.32192809488736,14.093417564388,12.8474489039824,10.5999128421871,12.2258099406235,8.76818432477693,15.4873376152072,5.8073549220576,7.5077946401987,6.58496250072116,9,6.35755200461808,9.87344411251538,"0"
"TCGA.60.2722.01A",5.52356195605701,5.70043971814109,11.8978454560055,17.6977142101124,1,6.83289001416474,3,5.32192809488736,13.5277213442845,4.58496250072116,6,9.40087943628218,3.8073549220576,10.2877123795494,6.35755200461808,15.3218576490737,13.3545248894494,1,13.8229690904533,12.5038257379958,11.5755392468345,12.0633950812885,3.8073549220576,15.7539479416999,5.95419631038687,7.78135971352466,6.32192809488736,11.0768155970508,11.0042204663182,10.1163439612375,"0"
"TCGA.77.7465.01A",6.49185309632967,4.58496250072116,6.78135971352466,15.0463566798232,2,9.86418614465428,3.8073549220576,3.32192809488736,13.261213451366,4.4594316186373,7.10852445677817,11.5631962722167,4.70043971814109,9.31288295528435,4,8.39231742277876,4.90689059560852,7.8703647195834,10.7797193551434,13.7490313820402,8.27612440527424,10.9758479680068,11.2021238238305,9.2807707701306,5.08746284125034,10.5980525001616,9.06608919045777,8.33985000288462,8.22881869049588,10.2215871212648,"0"
"TCGA.77.8148.01A",6.4262647547021,5,10.3728650601126,15.8950545307483,7.98868468677217,9.08746284125034,2,5.32192809488736,12.8073549220576,3.58496250072116,8.16992500144231,8.94836723158468,8.59245703726808,8.67948009950545,5,9.31741261376487,10.7108064336994,10.4898479604393,13.2842457498297,12.7834075421735,10.2360141919001,12.586370695114,8.94836723158468,14.3080545590666,4.58496250072116,8.54689445988764,5.24792751344359,7.94251450533924,11.0347989625773,9.63662462054365,"0"
"TCGA.58.8387.01A",6.8073549220576,2,8.13955135239879,14.8735402377139,7.4262647547021,12.3106127816595,2,3,12.1130909834424,1,7,10.5507467853832,1,3.58496250072116,3,11.0887882387169,8.10852445677817,6.4594316186373,13.4003457965347,12.0306671362469,9.59245703726808,10.7632123668144,10.3353903546939,13.0996765548596,3,6.35755200461808,6.32192809488736,6.4594316186373,8.12928301694497,9.96289600533726,"1"
"TCGA.22.4599.01A",4.58496250072116,4.90689059560852,6.85798099512757,14.6791501772474,6.75488750216347,6.58496250072116,1,2.58496250072116,11.6082548219779,1,8.15987133677839,6.88264304936184,3.58496250072116,5.08746284125034,3.32192809488736,5.24792751344359,6.28540221886225,4.16992500144231,10.0525680508042,9.72109918870719,9.05528243550119,9.96866679319521,6.04439411935845,9.09275714091985,3.32192809488736,7.06608919045777,8.25738784269265,9.2045711442492,5,9.05528243550119,"1"
"TCGA.77.A5G6.01A",6.97727992349992,4.90689059560852,9.89481776330794,16.5261324056284,4.16992500144231,11.3793783670713,3.58496250072116,6.24792751344359,13.7696312573842,3,7.93073733756289,9.20945336562895,5.58496250072116,6.20945336562895,5.08746284125034,12.3548003443506,8.85798099512757,6.52356195605701,12.9947069952581,13.2060986139958,11.4978518369511,12.3581017074408,10.2550285698187,13.109504215757,8.13955135239879,9.02236781302845,8.56985560833095,10.4958550268872,8.04439411935845,10.616548843779,"1"
"TCGA.77.A5GF.01A",5.32192809488736,3.8073549220576,9.56605403817109,15.9652431725569,1,5.4594316186373,2.58496250072116,4.90689059560852,12.4470832262097,5.24792751344359,8.8073549220576,8.85174904141606,2.58496250072116,4.16992500144231,4.32192809488736,8.53138146051631,11.3520434257954,2.58496250072116,12.963257356633,10.3353903546939,9.51963625284321,11.1535520317081,5.16992500144231,13.486080802652,1,10.9498267107591,6.49185309632967,9.59618975614441,9.9915218460757,9.03342300153745,"1"
"TCGA.22.1012.01A",6.83289001416474,6.39231742277876,9.53915881110803,15.5932160278172,5.24792751344359,7.93073733756289,2,4.70043971814109,11.9992953870234,6.32192809488736,7.89481776330794,10.5526690975143,8.05528243550119,8.59245703726808,6.32192809488736,11.6591039634737,12.2106713437856,4.70043971814109,13.4563544151083,11.7944158663501,9.29001884693262,11.5679560754155,9.31741261376487,12.7936033092794,7.64385618977472,8.91886323727459,4.70043971814109,13.1786648510065,9.59991284218713,10.5313814605163,"1"
"TCGA.77.A5G7.01B",6.95419631038687,4.58496250072116,9.19967234483636,16.4143549106676,1,7.88264304936184,2,3.32192809488736,12.8948177633079,2.58496250072116,6.39231742277876,10.103287808412,3,7.64385618977472,4.16992500144231,12.9592775057205,9.59991284218713,5,13.0296323280441,12.7936033092794,10.5430318202552,11.8081597728684,10.9336906549522,14.7925869689479,6.49185309632967,8,7.8073549220576,4.58496250072116,10.3923174227788,10.6438561897747,"1"
"TCGA.77.8133.01A",4.58496250072116,6.08746284125034,9.66177809777199,17.0869862289559,3.58496250072116,6.75488750216347,1,4.16992500144231,13.0887882387169,4.4594316186373,7.8703647195834,8.33985000288462,5.64385618977472,4.58496250072116,3,12.6234242898699,11.8313072438021,7.62935662007961,13.8394006489884,11.6987046667703,11.2842457498297,11.91288933623,8.10852445677817,14.1571890135149,3.58496250072116,10.4262647547021,7.82017896241519,11.3487281542311,11.1459321458205,10.1241213118292,"1"
"TCGA.18.3414.01A",7.4093909361377,4.90689059560852,12.5617652636277,15.9616757760812,3,9.55842071326866,3,4.4594316186373,13.6461086415061,3,8.88874324889826,14.380461065089,6.78135971352466,8.27612440527424,7.4262647547021,14.2390017577656,8.09803208296053,7.06608919045777,11.311748315005,13.1724275086455,11.0714623625566,12.1189410727235,11.5343028824546,14.8793917964852,7.68650052718322,9.89178370321831,8.18982455888002,12.4923539451599,9.55458885167764,9.73470962022584,"1"
"TCGA.22.5473.01A",7.12928301694497,5.24792751344359,9.18487534290828,17.0767112316556,2,8.56985560833095,2,6.55458885167764,13.2688343693438,5.08746284125034,8.67948009950545,10.9571020415623,4.4594316186373,8.81378119121704,7.20945336562895,12.9758479680068,10.4072677642447,4.70043971814109,14.3044939297829,11.3014961949825,11.6564248632778,12.3885555039826,8.13955135239879,15.01733040424,8.7279204545632,10.4491486453754,9.31288295528435,8.8073549220576,9.07681559705083,9.68999797141945,"1"
"TCGA.18.3416.01A",9.11374216604919,3.58496250072116,8.55458885167764,15.7307354701703,3,7.02236781302845,3.32192809488736,4.16992500144231,12.8533095554037,2,11.4115109880121,6.4262647547021,6.16992500144231,7.04439411935845,1,12.4792750302502,5.64385618977472,1,13.3917806060132,11.9722618487333,9.19967234483636,11.9417812422785,6.16992500144231,14.5394011790281,1,9.14465824283188,10.7210991887072,7.89481776330794,7.68650052718322,10.5603328342124,"1"
"TCGA.37.A5EL.01A",5.64385618977472,6.64385618977472,11.6943578872215,17.0002861507509,1,6.97727992349992,1,4.8073549220576,12.9790678714805,5.70043971814109,7.7279204545632,15.2717548056465,8.55458885167764,8.56224242422107,6.24792751344359,10.9425145053392,5.95419631038687,7.22881869049588,13.5617652636277,11.4210128557792,12.4711671337244,11.6926155016946,10.8105716347411,15.5567455260047,2,6.04439411935845,2.58496250072116,13.2726297849764,6.08746284125034,9.87344411251538,"1"
"TCGA.66.2773.01A",5.85798099512757,3.58496250072116,11.8780509127285,16.4747833101667,2,5.85798099512757,2,4.32192809488736,13.2246046815385,3,11.5333297323058,14.7995851870235,3.32192809488736,3,5.16992500144231,2,5.64385618977472,4.58496250072116,12.5013396180614,11.7887183326905,12.115693952197,11.3049216695817,9.15987133677839,16.7629529406137,4.16992500144231,8.35755200461808,5.16992500144231,8.29462074889163,8.96578428466209,9.94251450533924,"1"
"TCGA.33.4532.01A",9.7515440590891,5.24792751344359,9.2807707701306,16.9229327703876,2,9.7714894695006,4.32192809488736,5.70043971814109,13.6261653199045,6.70043971814109,8.52356195605701,10.8610869059954,7.08746284125034,5.08746284125034,7.82017896241519,10.7448338374995,10.3219280948874,2.58496250072116,14.2458497710237,12.1705510353167,9.92777796208234,12.7694246415528,6.35755200461808,15.6778297332158,5.95419631038687,7.56985560833095,6.75488750216347,10.3487281542311,9.8703647195834,12.8474489039824,"1"
"TCGA.33.4582.01A",5.24792751344359,4.90689059560852,9.69348695749933,15.8262505431793,5.24792751344359,7.55458885167764,2.58496250072116,2.58496250072116,13.1279943209764,3.8073549220576,5.90689059560852,10.652844973002,4.32192809488736,8.79441586635011,4,10.4635243732712,11.0980320829605,2,13.5605716712366,13.2258099406235,7.39231742277876,11.8895039634115,8.4262647547021,13.8881724496659,7.24792751344359,9.83605035505807,8.96578428466209,6.04439411935845,9.19475685442225,9.83605035505807,"1"
"TCGA.NC.A5HP.01A",8.44294349584873,6.08746284125034,11.9173720794768,16.6064052126978,2.58496250072116,6.4594316186373,2,5.95419631038687,12.6206780421354,3.8073549220576,7.52356195605701,9.06608919045777,4,7.8073549220576,6,11.7414669864011,8.95419631038687,6.6724253419715,11.631177055704,12.1324997296285,11.9417812422785,10.5774288280357,7.4594316186373,15.0353146098244,8.59991284218713,9.01680828768655,4.90689059560852,10.2264121927888,9.45121111183233,8.83920378809694,"1"
"TCGA.NC.A5HD.01A",5.52356195605701,3.8073549220576,11.1305705628054,16.7774864977965,6.4594316186373,8.62935662007961,3,3.58496250072116,11.8209766926212,3.8073549220576,12.0035179121086,7.02236781302845,3,4.16992500144231,3.32192809488736,10.1318569606088,7.76818432477693,4.4594316186373,12.577900836887,12.753216749179,11.0028150156071,11.7780771295354,10.1548181090521,13.5413386579708,2,4.58496250072116,10.2479275134436,12.2191685204622,7.35755200461808,10.7515440590891,"1"
"TCGA.21.1083.01A",6.70043971814109,5.4594316186373,7.37503943134692,16.576661484134,9.03342300153745,7.78135971352466,2,4.4594316186373,13.4532706340106,4.58496250072116,9.93073733756289,10.5196362528432,2,6.52356195605701,3.8073549220576,1,3.8073549220576,5,11.2842457498297,13.2194710673944,10.65999589243,12.0327345285867,8.70735913208088,10.4797802640291,6.35755200461808,8.83920378809694,6.70043971814109,10.0980320829605,10.3014961949825,10.0927571409199,"1"
"TCGA.18.3412.01A",9.27612440527424,6.4262647547021,9.22881869049588,16.3198132227165,1,6.61470984411521,3.58496250072116,5.85798099512757,13.3103287586168,7.6724253419715,8.33985000288462,14.0065014075694,4.16992500144231,10.1497471195047,5.85798099512757,12.6750749203854,13.8724825081067,3.58496250072116,15.0861362250273,11.3454052467178,9.07681559705083,12.4267888945956,6.64385618977472,16.3373082991469,7.12928301694497,7.14974711950468,8.01122725542325,8.03342300153745,11.6934869574993,12.8233672400462,"1"
"TCGA.77.6845.01A",6.64385618977472,4.16992500144231,11.8121773055144,18.1350679457778,6.16992500144231,1,2,5.39231742277876,13.233919208587,2.58496250072116,12.1630206395808,8.85174904141606,2.58496250072116,3,5.16992500144231,8.65105169117893,8.96578428466209,1,13.1199137854523,13.6875943895761,10.2761244052742,12.8077574035893,8.08746284125034,14.7691146623127,5.16992500144231,6.6724253419715,7.58496250072116,11.0056245491939,9.55842071326866,10.6348110501717,"1"
"TCGA.34.2600.01A",6.49185309632967,3.8073549220576,9.31741261376487,17.1534926570622,1,7.59991284218713,1,5.16992500144231,13.7463043677013,3.8073549220576,4.16992500144231,13.1978309980122,7.94251450533924,5.24792751344359,6.83289001416474,10.3597495603223,12.0940776856719,10.3353903546939,13.4833119549994,13.7460943837055,12.0007042690112,11.7590559391602,8.15987133677839,13.4437206006566,7.95419631038687,7.33985000288462,10.3531468254981,12.2479275134436,10.8887432488983,8.81378119121704,"1"
"TCGA.34.5231.01A",4.16992500144231,8.11894107272351,7.14974711950468,18.7768121116257,3.8073549220576,8.81378119121704,2.58496250072116,6.16992500144231,14.3630396302565,3.58496250072116,10.4512111118323,8.85174904141606,9.31741261376487,10.9366379390026,1,15.0489976529111,10.5449644327892,9.92481250360578,8.85798099512757,14.2752515434703,12.8289298276515,13.5922234213594,10.7397806097733,14.6035104425928,4.70043971814109,9.86727873970966,12.6865005271832,9.10328780841202,5.32192809488736,11.7039035734447,"1"
"TCGA.22.4604.01A",5.70043971814109,5.85798099512757,11.3630396302565,16.9907687696574,4.58496250072116,6.88264304936184,2.58496250072116,2,13.7897374010671,6.85798099512757,6.49185309632967,10.8041310211833,6,9.4594316186373,6.39231742277876,13.5139742737407,12.5679560754155,4.58496250072116,13.1334633465234,12.4413880293467,10.6829945836817,11.7632123668144,8.51569983828404,15.3081256820936,2,10.8121773055144,9.2045711442492,8.15987133677839,11.2167458581953,10.1369911120802,"1"
"TCGA.22.4613.01A",7.4757334309664,3.8073549220576,9.2667865406949,15.7577025177705,5.58496250072116,7.94251450533924,2,3,11.9483672315847,3.32192809488736,7.64385618977472,9.90689059560852,2,8.03342300153745,3.8073549220576,10.9143851321554,7.61470984411521,6.16992500144231,12.4938554492408,10.9381093262192,8.13955135239879,10.7313190310251,8.95419631038687,12.8668925276766,4.32192809488736,7.5077946401987,7.76818432477693,6.58496250072116,8.90086680798075,9.08214904135387,"1"
"TCGA.85.8352.01A",2.58496250072116,1,6.04439411935845,15.8638958736951,13.3638609767295,9.3037807481771,2.58496250072116,4.32192809488736,13.2131042196419,4.8073549220576,7.71424551766612,5.64385618977472,3.8073549220576,2,3.32192809488736,4.16992500144231,8.01122725542325,3,13.9467235507476,13.8536994203002,9.61102479730735,12.664447284548,8.03342300153745,7.24792751344359,6.35755200461808,9.57364718749332,6.6724253419715,9.45121111183233,11.0620461377205,11.1736771363034,"1"
"TCGA.58.A46K.01A",5.58496250072116,5,9.34872815423108,16.4501157936592,3.32192809488736,3,4.4594316186373,5.08746284125034,12.1799090900149,2,10.9038818457362,6.32192809488736,4.32192809488736,4.90689059560852,4,5.52356195605701,6.4262647547021,6,12.4465664090661,11.7228075311695,11.5264992391366,11.6856248397264,5.8073549220576,14.7993828171198,4.90689059560852,8.59991284218713,6.75488750216347,8.62205181945638,10.1548181090521,9.39660478118186,"1"
"TCGA.98.A53A.01A",5.85798099512757,6.7279204545632,8.17990909001493,16.7234476384229,2,8.54689445988764,2,2.58496250072116,13.1302487840507,2,11.5196362528432,9.7176764230664,6.35755200461808,7.68650052718322,5.08746284125034,12.4194335507054,8.02236781302845,5.58496250072116,14.5754210657949,12.5849625007212,12.5381889320524,10.9915218460757,10.8328900141647,13.3960695576399,2,8.40087943628219,8.23840473932508,9.27146302790437,7.22881869049588,9.8073549220576,"1"
"TCGA.85.8277.01A",5.16992500144231,4.32192809488736,8.4262647547021,17.6176826826271,2.58496250072116,6.7279204545632,2,5.16992500144231,13.2720465243899,2.58496250072116,10.6724253419715,9.51175265376738,5.39231742277876,7.82017896241519,1,6.97727992349992,8.94251450533924,5,14.7943143217405,10.8486229404293,11.1996723448364,12.7895336449704,5.95419631038687,13.9753106180567,2,7.88264304936184,8.91886323727459,9.91288933622996,7.62935662007961,10.2946207488916,"1"
"TCGA.22.5474.01A",6.39231742277876,5.52356195605701,11.1369911120802,17.3395542813205,1,7.32192809488736,2.58496250072116,5.08746284125034,14.0714623625566,4.4594316186373,10.6812384117778,12.4787696194758,2,6.20945336562895,6.6724253419715,8.96578428466209,9.13955135239879,10.2384047393251,14.2625353405263,11.7838167593202,10.6036263449862,12.4752267777423,7.39231742277876,16.2600374211066,2.58496250072116,10.0980320829605,6.78135971352466,13.4931048925391,11.2562086885274,10.2215871212648,"1"
"TCGA.22.1011.01A",6.70043971814109,3.58496250072116,12.0573148777827,15.8580781561231,2,4,2,4.70043971814109,13.7228075311695,4.70043971814109,7.74146698640115,12.9776376904059,3.58496250072116,4.70043971814109,5.75488750216347,13.6575417597034,9.51175265376738,4.16992500144231,13.5819066893088,12.2969162068793,11.7219536128014,11.1446582428319,8.40087943628219,15.2942617534333,4.58496250072116,8.65105169117893,6.90689059560852,7.08746284125034,8.90689059560852,10.0416591516372,"1"
"TCGA.34.5929.01A",7.76818432477693,6.49185309632967,9.78463484555752,17.4093743609616,1,8.08746284125034,2.58496250072116,2,14.820278702817,2,9.53915881110803,9.92184093707449,3.58496250072116,7.75488750216347,1,10.2550285698187,5.90689059560852,11.3966047811819,14.3586512008929,14.8897891279733,11.612868497291,12.3083390301394,10.4408691676109,15.4014128787142,5.70043971814109,9.24792751344359,8.82017896241519,12.0320457269308,5.90689059560852,10.5352753766208,"1"
"TCGA.60.2726.01A",7.53915881110803,1,11.0566377151132,15.200438879598,7.96578428466209,11.2395985292491,1,5.16992500144231,12.3998119593257,3.32192809488736,6.78135971352466,13.2015113445001,7.53915881110803,5.64385618977472,5.24792751344359,13.5115055957925,6.24792751344359,11.9417812422785,12.7565563225241,12.0299773465896,10.0901124196643,13.225508720236,10.4051414631363,14.0426853722194,4,7.12928301694497,7.95419631038687,7.84549005094437,7.85798099512757,9.44708322620965,"1"
"TCGA.18.5595.01A",7.4757334309664,8.89481776330794,10.4978518369511,17.6797137487978,10.5830827675029,8.11894107272351,3,2.58496250072116,13.9057630496028,5.32192809488736,10.1699250014423,12.0188956211216,5,8.97727992349992,7.94251450533924,14.3318966370935,12.6220518194564,3,14.3851883385627,12.8427431807317,12.6865005271832,13.7650788596167,5.58496250072116,14.8456860559771,1,8.91886323727459,4.8073549220576,8.55458885167764,9.01680828768655,11.3151495622563,"1"
"TCGA.58.8392.01A",7.37503943134692,6.70043971814109,12.0606959316876,18.0972503016715,3,9.41362792902417,3,6.93073733756289,13.7952279660287,7.22881869049588,10.813781191217,10.753216749179,7.88264304936184,6.95419631038687,5.4594316186373,12.1279943209764,13.9003007862482,5.85798099512757,13.1636496760158,13.6388883822523,11.0633950812885,11.8177831217745,8.08746284125034,16.1463300099307,2,8.83289001416474,10.7698378436294,10.2573878426927,9.89784545600551,10.4136279290242,"1"
"TCGA.66.2793.01A",7.52356195605701,4.8073549220576,7.4262647547021,15.9143851321554,3.32192809488736,7.5077946401987,1,5.39231742277876,13.9296282830246,4.8073549220576,6.32192809488736,12.634357301138,4.4594316186373,9.80413102118332,3,7.08746284125034,5.90689059560852,9.29462074889163,11.7414669864011,13.1140676471653,11.6519486107234,11.4019461239765,4,13.7544699952756,8.08746284125034,10.0279059965699,8.03342300153745,6.12928301694497,9.24792751344359,9.46352437327118,"1"
"TCGA.46.3768.01A",5.08746284125034,2,9.24317398347295,17.895279423831,3.58496250072116,4,1,3.32192809488736,13.8217739819706,2.58496250072116,11.3320365483617,7.16992500144231,1,6.16992500144231,2,8.07681559705083,6.95419631038687,8.33091687811462,12.7431513941125,10.4157417682901,11.3761253892762,13.179287104646,7.61470984411521,15.6991928609121,3.58496250072116,8.78790255939143,8.99435343685886,12.0707918094231,11.5401280385821,10.6438561897747,"1"
"TCGA.77.8009.01A",4.8073549220576,1,6.88264304936184,17.8256793115865,5.70043971814109,3.58496250072116,3,5.85798099512757,13.2366122002158,4.32192809488736,9.59618975614441,6.83289001416474,4.32192809488736,8.03342300153745,5.52356195605701,4.4594316186373,6.4594316186373,3,13.5734105055076,9.4594316186373,12.1091777033553,13.7023891599763,6.85798099512757,11.2819300269554,6.97727992349992,10.6510516911789,10.7944158663501,11.2900188469326,9.40514146313634,11.2854022188622,"1"
"TCGA.21.1077.01A",4.70043971814109,7.24792751344359,10.0223678130285,17.9097759162784,5.32192809488736,4.70043971814109,4.8073549220576,3.8073549220576,13.4218018604699,2.58496250072116,8.97727992349992,11.5631962722167,3.32192809488736,7.12928301694497,4.4594316186373,11.742309436084,10.0821490413539,7.68650052718322,13.3074854485895,11.8233672400462,12.0175044011094,11.2526654324502,7.52356195605701,15.6362847497091,3.8073549220576,10.7108064336994,7.89481776330794,8.78790255939143,10.5868397879618,10.3531468254981,"1"
"TCGA.21.1081.01A",7.64385618977472,5.24792751344359,10.7548875021635,17.9525478861615,3,7.84549005094437,2,6.12928301694497,13.4406096667484,6.8073549220576,7.35755200461808,13.158925203807,5,7.52356195605701,4.8073549220576,11.8392037880969,13.0920964149908,6.32192809488736,14.9878857294021,14.1941412388631,9.92777796208234,13.2752515434703,10.9971794809376,15.0013202225009,5.52356195605701,9.45121111183233,6.49185309632967,14.5082899861403,9.90989308377004,11.1446582428319,"1"
"TCGA.34.7107.01A",6.24792751344359,4.70043971814109,8.12928301694497,17.8687863905089,3.8073549220576,6.8073549220576,2.58496250072116,5,14.3074854485895,4.8073549220576,9.34872815423108,10.1674181458317,7.04439411935845,7.85798099512757,6.28540221886225,10.7073591320809,11.4573808790725,5.52356195605701,13.3791075655611,12.0874628412503,10.4429434958487,13.3423525100878,10.2288186904959,14.9078295445781,3.8073549220576,8.48381577726426,7.58496250072116,8.70043971814109,9.71424551766612,11.8177831217745,"1"
"TCGA.66.2791.01A",7.22881869049588,3.32192809488736,9.14465824283188,16.5732033769134,2,7.06608919045777,1,1,13.2708792953288,2.58496250072116,11.5117526537674,13.7688046164558,4,6.55458885167764,6.75488750216347,11.3869402453243,7,4.8073549220576,12.6604416502092,11,11.0848083878044,11.1749256825007,6.61470984411521,15.2484464818341,6.04439411935845,10.8579809951276,9.92481250360578,9.40514146313634,10.6366246205436,10.2784494582205,"1"
"TCGA.43.3394.01A",7.52356195605701,5,12.3630396302565,16.4276402159943,5.4594316186373,7.32192809488736,2,5,13.5308939811939,4.4594316186373,9.23840473932508,9.18982455888002,2,6.16992500144231,5.52356195605701,12.7854524681585,10.7176764230664,4.16992500144231,11.7573900093666,12.3592004851336,10.3151495622563,11.8113746935099,9.57742882803575,15.783612165256,6.83289001416474,10.2215871212648,8.57742882803575,8.57742882803575,11.3387363825739,10.5294305541462,"1"
"TCGA.33.4586.01A",6.90689059560852,7.71424551766612,9.5077946401987,17.2767060198924,3,6,2.58496250072116,3,13.2270141936491,1,11.1382718001722,12.1904420187828,4.4594316186373,9.62935662007961,5.08746284125034,11.8618623400592,5.8073549220576,2.58496250072116,12.6843103111243,12.8544788341716,11.8209766926212,11.8548683832602,3.58496250072116,14.8595347863827,3,11.9708249013626,8.93073733756289,11.2336196767597,9.35755200461808,10.0084286220706,"1"
"TCGA.39.5021.01A",4.4594316186373,3,8.3037807481771,16.8803009726468,8.58496250072116,5.32192809488736,3,4,12.5512276035983,2,8.8008998999203,7.61470984411521,3.8073549220576,3.32192809488736,3.58496250072116,4.4594316186373,4.58496250072116,1,11.410451351504,11.2597432636908,8.62935662007961,12.3613955331659,7.70043971814109,13.9654235658101,5,9.4797802640291,12.0119260663068,13.2928967554092,11.3531468254981,10.0251395622785,"1"
"TCGA.85.8664.01A",4.58496250072116,5.16992500144231,4.90689059560852,16.0699112351893,9.20945336562895,9.91587937883577,2.58496250072116,3.8073549220576,12.402479172215,2.58496250072116,5,6.4262647547021,2,10.7862696276485,5.08746284125034,2,2,3.8073549220576,13.981032058361,12.3608470841797,11.2502984179063,11.4918530963297,13.677719641641,10.0251395622785,3.58496250072116,10.2526654324502,2.58496250072116,9.01122725542325,9.82654848729091,10.047123912114,"1"
"TCGA.21.1071.01A",4.16992500144231,4.32192809488736,9.58496250072116,16.4420687523067,3.58496250072116,7.10852445677817,2,4.8073549220576,13.2778685461768,3.8073549220576,11.1959872980285,9.19475685442225,4.70043971814109,6.55458885167764,3.8073549220576,6,7.58496250072116,7.4757334309664,11.5802585674998,11.4645457503339,10.2573878426927,11.1279943209764,5.08746284125034,13.6309496268329,4.16992500144231,10.6847486204216,9.89784545600551,11.4283601727043,9.20945336562895,10.1774195379892,"1"
"TCGA.18.4083.01A",6.4594316186373,5.95419631038687,8.8073549220576,16.7306028097771,1,3.8073549220576,1,3.8073549220576,13.7393587074334,6.35755200461808,9.84549005094438,10.1006623390052,4.4594316186373,7.14974711950468,4,11.3531468254981,10.7245138531199,6.58496250072116,12.7883105037009,12.3392933001801,9.76487159073609,12.5608104687279,9.28540221886225,13.1192653831758,6.20945336562895,12.1491119907069,10.2021238238305,11.4635243732712,9.28540221886225,11.4356702609366,"1"
"TCGA.22.5485.01A",7.4093909361377,4.58496250072116,12.6183855022586,17.4691807272101,1,6.7279204545632,2,5.8073549220576,14.3474829606397,3.8073549220576,11.7747870596012,10.3331553503106,3,6.12928301694497,4.58496250072116,8.12928301694497,9.38801728534514,5.16992500144231,14.2954819736954,12.2502984179063,10.8641861446543,13.3193898760002,16.029028346977,16.1297659813107,4,9.18982455888002,8.59245703726808,10.2264121927888,7.06608919045777,10.1699250014423,"1"
"TCGA.85.6798.01A",7.35755200461808,7.35755200461808,9.44708322620965,17.7833947522672,6.04439411935845,7.94251450533924,2.58496250072116,5.70043971814109,11.7919768208987,3.58496250072116,10.5274770060604,8.25738784269265,3.32192809488736,9.21916852046216,2,9.4594316186373,6.58496250072116,5.4594316186373,14.7725207763148,12.5008418795569,9.71080643369935,12.595257481449,6.90689059560852,14.9351650496037,5.90689059560852,10.1674181458317,11.0953970227926,11.2934716488381,8.35755200461808,8.74819284958946,"1"
"TCGA.85.A511.01A",5.75488750216347,3.32192809488736,10.9943534368589,16.6411203665652,5.58496250072116,8.25738784269265,2,4.90689059560852,13.6875943895761,4.16992500144231,8.24792751344359,12.2928967554092,5.75488750216347,5.75488750216347,7.39231742277876,12.6860627498954,8.70043971814109,4.90689059560852,13.3785658100006,12.5612879451648,10.951284714967,12.2479275134436,8.06608919045777,14.4870863402713,6.52356195605701,9.87958324961278,8.62935662007961,9.92184093707449,9.68999797141945,10.2312211807112,"1"
"TCGA.22.4607.01A",6.90689059560852,4.32192809488736,11.7870863245516,15.2998519349527,2.58496250072116,9.55074678538324,1,2,13.3320365483617,6.12928301694497,9.17990909001493,12.6054795180617,3,12.7607199474656,7.4594316186373,10.5622424242211,4.70043971814109,6.75488750216347,13.6332223038008,13.2428763671664,10.3880172853451,12.8872206154684,6.7279204545632,16.3366808888752,4,9.90086680798075,6.75488750216347,13.5989829710361,9.82017896241519,9.55074678538324,"1"
"TCGA.21.1078.01A",5.24792751344359,4,7.44294349584873,15.4542992936199,1,5.24792751344359,2.58496250072116,2.58496250072116,13.6515002206527,2.58496250072116,2,16.2914225444898,2.58496250072116,1,5.75488750216347,1,3.32192809488736,2.58496250072116,12.7308946465417,11.9188632372746,11.9665054519057,9.83289001416474,6.7279204545632,17.7628621304212,5.39231742277876,8.4594316186373,4.8073549220576,4,9.13955135239879,7.82017896241519,"1"
"TCGA.77.8150.01A",5.75488750216347,2,10.6582114827518,14.5987504095718,2,6.08746284125034,1,4.16992500144231,11.2597432636908,3,7.33985000288462,7.70043971814109,5.85798099512757,8.13955135239879,2.58496250072116,4.58496250072116,7.82017896241519,1,13.0220209696464,10.5333297323058,9.71080643369935,11.0980320829605,7.52356195605701,12.9053870050181,4.16992500144231,7.2667865406949,3.8073549220576,7.37503943134692,9.77807712953536,8.39231742277876,"1"
"TCGA.77.6843.01A",4.4594316186373,4.16992500144231,10.6706562491184,18.2423274760951,2,2.58496250072116,1,4.32192809488736,12.8133803869247,2,11.2526654324502,8.16992500144231,3.58496250072116,4.32192809488736,2,10.1848753429083,8.62205181945638,6.4594316186373,13.0129736483745,11.8328900141647,11.1433832139898,10.8454900509444,6.52356195605701,15.2648823792396,4.16992500144231,10.4512111118323,11.4220647661728,9.91288933622996,12.102631888855,9.2240016741981,"1"
"TCGA.34.2596.01A",4.16992500144231,3,8.74819284958946,17.0567435427341,8.06608919045777,7.49185309632967,2,5,14.1652210682209,2.58496250072116,11.5507467853832,8.876516946565,3.32192809488736,8.74819284958946,4.16992500144231,8.74146698640115,6.28540221886225,4.16992500144231,11.6147098441152,11.4157417682901,11.6456584324087,11.7064960180612,6.78135971352466,13.815183130008,7.95419631038687,12.0188956211216,11.2143191208008,9.93957921431469,8.82017896241519,10.3398500028846,"1"
"TCGA.18.3408.01A",6.88264304936184,1,11.120237877342,16.7982439571815,3,5,2.58496250072116,3.32192809488736,12.4963544885646,3,9.61838550225861,8.59991284218713,1,2.58496250072116,3.8073549220576,12.3442959079158,7.79441586635011,3,12.635718120331,11.468624042918,8.69348695749932,7.10852445677817,2,15.37170859108,1,11.3476213685681,10.7431513941125,10.7414669864011,10.8902642770211,8.62935662007961,"1"
"TCGA.51.6867.01A",5.85798099512757,3.58496250072116,10.9395792143147,17.7363094343496,6.16992500144231,8.08746284125034,3,4.32192809488736,14.3300765547975,4.58496250072116,10.90989308377,11.3026389237876,2.58496250072116,3.8073549220576,6.95419631038687,7.14974711950468,9.40514146313634,5.58496250072116,12.9932922414885,12.8676648483807,11.3342732853072,12.3387363825739,10.0714623625566,14.5343028824546,6.90689059560852,10.5698556083309,11.0741414627525,9.14465824283188,10.1548181090521,10.4777582664439,"1"
"TCGA.77.7140.01A",7.28540221886225,7.4093909361377,7.64385618977472,16.2681398960965,1,9.42206476617281,4.16992500144231,1,13.8239642584867,5.08746284125034,10.0633950812885,13.4123052049553,2,7.98868468677217,5.39231742277876,11.7347096202258,11.2772874001304,5.08746284125034,15.1621552664082,11.2106713437856,10.2784494582205,11.9693865213423,8.98868468677217,15.6088323389148,2.58496250072116,9.50382573799575,8.17990909001493,12.0947375050481,9.2807707701306,11.2784494582205,"1"
"TCGA.56.7730.01A",7.14974711950468,7.68650052718322,11.286557761608,17.7439008495138,10.2969162068793,8.4178525148859,3.58496250072116,4.8073549220576,14.0342831309619,8.60733031374961,11.5401280385821,8.85798099512757,4.32192809488736,4.70043971814109,5,12.0613711926598,12.6759570329417,4.90689059560852,13.5282098966227,13.6893428461342,12.2413873639989,12.6465587101545,9.72109918870719,16.3293759112788,7.74146698640115,10.4878400338231,13.5218457751619,13.135388651579,11.7895336449704,11.5526690975143,"1"
"TCGA.94.7557.01A",6.16992500144231,4,10.2946207488916,17.3339414887594,1,8.10852445677817,3.32192809488736,4.58496250072116,13.8378250091967,4.70043971814109,11.3750394313469,11.2155329997457,6.20945336562895,6,6.4594316186373,1,6.55458885167764,4.70043971814109,12.1363503414542,13.0798180852124,11.1761731491075,11.9151324489507,7.2667865406949,13.9055750395627,3.32192809488736,8.20945336562895,9.10852445677817,10.1724275086455,9.90388184573618,10.5137275959524,"1"
"TCGA.33.4538.01A",6.49185309632967,6.4262647547021,11.9858419370033,17.2325333522719,1,6.08746284125034,2,6.49185309632967,13.6209070958853,6.8073549220576,10.4757334309664,10.4635243732712,6.88264304936184,8.78135971352466,1,12.602698865018,11.4083297407674,4.58496250072116,13.5179153929159,11.9964734887332,10.8121773055144,11.8564255286255,10.1163439612375,15.8590494063556,6.16992500144231,8.39231742277876,7.16992500144231,9.55074678538324,12.1324997296285,10.4898479604393,"1"
"TCGA.85.A4CL.01A",5.70043971814109,4.58496250072116,8.83289001416474,15.7032547337481,3.32192809488736,6.4262647547021,2,3.8073549220576,13.109504215757,2.58496250072116,5.8073549220576,12.0484868739923,6.61470984411521,2,6.28540221886225,9.55842071326866,11.8742129348309,3,12.1953722074027,11.298062567719,10.5830827675029,12.3072008091408,7.74146698640115,15.8988847595935,6.90689059560852,8.60733031374961,6.64385618977472,12.0667619323869,11.2842457498297,8.78135971352466,"1"
"TCGA.66.2727.01A",5.90689059560852,2.58496250072116,9.82654848729091,16.9027754934801,1,3,2,2.58496250072116,12.656871725614,2,10.5468944598876,8.83920378809694,4.70043971814109,6.83289001416474,2.58496250072116,9.4797802640291,7.6724253419715,2.58496250072116,13.5102696708982,12.0633950812885,10.7665289085989,12.5357613779867,6.20945336562895,14.4496645384762,5.08746284125034,10.7615512324445,8.98299357469431,7.78135971352466,8.56985560833095,10.6724253419715,"1"
"TCGA.22.5479.01A",6.04439411935845,7.04439411935845,10.2070143201775,16.5165926237206,1,8.27612440527424,2.58496250072116,4.16992500144231,12.5240519187178,5.32192809488736,6.75488750216347,10.7397806097733,4,8.4757334309664,6.64385618977472,10.3353903546939,11.6174674652942,3.58496250072116,13.894059846274,11.9166259222112,10.5717526435035,12.4589192069676,9.88569637333939,14.4108488064055,1,9.38801728534514,8.07681559705083,8.71424551766612,9.96866679319521,10.2215871212648,"1"
"TCGA.56.1622.01A",7.10852445677817,6.64385618977472,9.467605550083,17.6269780616829,2,9.19475685442225,2.58496250072116,4.16992500144231,14.4956052311908,4,7.44294349584873,11.0848083878044,4.70043971814109,5.4594316186373,4.32192809488736,13.1595560280588,6.6724253419715,10.7665289085989,13.5565060546719,11.8703647195834,9.78463484555752,11.9715435539508,6.35755200461808,15.5032667344211,6.39231742277876,6.6724253419715,9.52356195605701,11.769011321097,10.9957671508778,10.7021726853655,"1"
"TCGA.22.4591.01A",7.20945336562895,3.32192809488736,11.0168082876866,16.7188539149106,2.58496250072116,9.20945336562895,3.8073549220576,3.58496250072116,13.1085244567782,3,12.5357613779867,11.6064052126978,3,6.24792751344359,8.04439411935845,3,3.8073549220576,3.32192809488736,11.7082217300384,12.8085620299575,10.5565060546719,12.7368246990989,6.20945336562895,16.6503786353977,6.20945336562895,7.52356195605701,6.61470984411521,7.06608919045777,8.69348695749932,10.631177055704,"1"
"TCGA.77.6844.01A",8.81378119121704,3.58496250072116,12.8672787397097,17.3078233850107,1,7.37503943134692,2,3.58496250072116,14.2357150947619,1,10.0660891904578,14.093417564388,2,5.39231742277876,5.08746284125034,13.3328757311527,5.70043971814109,8.38370429247405,14.8543814304623,12.4655664048094,12.1541852092653,11.7047682393626,10.2021238238305,16.0621304836553,6.35755200461808,7.79441586635011,8.44294349584873,6.52356195605701,5.52356195605701,10.7125270004398,"1"
"TCGA.22.5477.01A",5,6.4262647547021,8.67948009950545,18.6791570513974,5.95419631038687,7.62935662007961,2.58496250072116,5.8073549220576,15.1824719489426,3,12.5328429109613,7.08746284125034,2,5.24792751344359,3.58496250072116,7.04439411935845,4.4594316186373,5,11.8241632097442,12.4757334309664,12.1823943534045,12.9851303734669,5.24792751344359,15.4786432391121,8.35755200461808,11.9943534368589,10.9188632372746,9.62205181945638,12.116993677547,11.8169836232554,"1"
"TCGA.NC.A5HL.01A",6.4594316186373,1,8.49185309632967,17.0950260811599,1,6.04439411935845,1,4.70043971814109,12.6506030222153,3.32192809488736,9.29920801838728,6.04439411935845,3.58496250072116,3.8073549220576,3,3.58496250072116,6.85798099512757,4.4594316186373,13.3920490393642,12.3123157466901,11.5028318040667,10.6017707884077,5.8073549220576,9.45532722030456,2,5.70043971814109,12.4833119549994,7.6724253419715,9.58496250072116,10.3597495603223,"1"
"TCGA.L3.A524.01A",5.16992500144231,1,12.7039035734447,17.5327820467412,2,3.32192809488736,3.8073549220576,6.70043971814109,12.4903495057393,4.32192809488736,9.05528243550119,5.64385618977472,4.32192809488736,5.90689059560852,1,9.7176764230664,7.78135971352466,5.58496250072116,12.2526654324502,11.2348174311173,10.9701058906122,12.0251395622785,8.61470984411521,15.3813401593313,5.16992500144231,8.13955135239879,6.85798099512757,10.2021238238305,11.5555477716471,9.98299357469431,"1"
"TCGA.77.8128.01A",7.06608919045777,7.85798099512757,9.34429590791582,18.0005612421901,1,6.39231742277876,3.32192809488736,4.4594316186373,13.3227731764546,2,9.07681559705083,7.82017896241519,7.32192809488736,7.32192809488736,3.32192809488736,11.9121408562957,11.677719641641,8.12928301694497,13.6382096266336,12.4393114618188,9.85486838326024,12.6156296369681,9.33091687811462,13.7938064914558,3.32192809488736,9.20945336562895,6.97727992349992,10.6759570329417,11.5077946401987,9.85798099512757,"1"
